Series Name,Series Code,Country Name,Country Code,1990 [YR1990],1991 [YR1991],1992 [YR1992],1993 [YR1993],1994 [YR1994],1995 [YR1995],1996 [YR1996],1997 [YR1997],1998 [YR1998],1999 [YR1999],2000 [YR2000],2001 [YR2001],2002 [YR2002],2003 [YR2003],2004 [YR2004],2005 [YR2005],2006 [YR2006],2007 [YR2007],2008 [YR2008],2009 [YR2009],2010 [YR2010],2011 [YR2011],2012 [YR2012],2013 [YR2013],2014 [YR2014],2015 [YR2015],2016 [YR2016],2017 [YR2017],2018 [YR2018],2019 [YR2019],2020 [YR2020],2021 [YR2021]
Agricultural methane emissions (thousand metric tons of CO2 equivalent),EN.ATM.METH.AG.KT.CE,Afghanistan,AFG,5360,5610,5670,5720,5930,6250,7040,7710,8220,8990,7710,6420,8190,8430,8340,8500,8650,8800,9800,9990,11510,11530,11380,11280,11480,10850,10630,10330,10540,10920,..,..
Agricultural methane emissions (thousand metric tons of CO2 equivalent),EN.ATM.METH.AG.KT.CE,Albania,ALB,2200,2230,2220,2360,3020,3090,2910,2710,2570,2640,2680,2620,2550,2580,2490,2470,2420,2300,2140,2030,2040,2030,2070,2070,2100,2110,2100,2050,2010,1850,..,..
Agricultural methane emissions (thousand metric tons of CO2 equivalent),EN.ATM.METH.AG.KT.CE,Algeria,DZA,4360,4180,4370,4450,4270,4280,4310,4300,4540,4750,4760,4800,4650,4800,5020,5050,5190,5290,5220,5530,5820,6020,6350,6560,6940,7040,6970,6880,6820,6890,..,..
Agricultural methane emissions (thousand metric tons of CO2 equivalent),EN.ATM.METH.AG.KT.CE,American Samoa,ASM,..,..,..,..,..,..,..,..,..,..,..,..,..,..,..,..,..,..,..,..,..,..,..,..,..,..,..,..,..,..,..,..
Agricultural methane emissions (thousand metric tons of CO2 equivalent),EN.ATM.METH.AG.KT.CE,Andorra,AND,..,..,..,..,..,..,..,..,..,..,..,..,..,..,..,..,..,..,..,..,..,..,..,..,..,..,..,..,..,..,..,..
Agricultural methane emissions (thousand metric tons of CO2 equivalent),EN.ATM.METH.AG.KT.CE,Angola,AGO,15040,15090,15150,15070,15100,15010,13680,13560,14980,13950,14390,14680,15700,17810,17830,17720,16430,17490,16670,16730,17500,18020,17170,17640,17060,17710,17700,18000,16220,18050,..,..
Agricultural methane emissions (thousand metric tons of CO2 equivalent),EN.ATM.METH.AG.KT.CE,Antigua and Barbuda,ATG,30,30,30,30,30,30,30,30,30,30,30,30,30,30,30,30,30,30,30,30,20,20,20,20,20,20,20,20,10,10,..,..
Agricultural methane emissions (thousand metric tons of CO2 equivalent),EN.ATM.METH.AG.KT.CE,Argentina,ARG,84680,83650,84630,83270,83900,83240,80600,79840,77140,79230,79490,78840,81920,88150,89160,89140,91140,91770,90560,85580,77640,76880,79420,80960,81730,81560,82830,86590,85430,84990,..,..
Agricultural methane emissions (thousand metric tons of CO2 equivalent),EN.ATM.METH.AG.KT.CE,Armenia,ARM,810,800,710,630,620,610,610,610,560,560,570,590,610,640,670,670,690,720,730,670,660,650,680,760,780,790,810,760,680,660,..,..
Agricultural methane emissions (thousand metric tons of CO2 equivalent),EN.ATM.METH.AG.KT.CE,Aruba,ABW,..,..,..,..,..,..,..,..,..,..,..,..,..,..,..,..,..,..,..,..,..,..,..,..,..,..,..,..,..,..,..,..
Agricultural methane emissions (thousand metric tons of CO2 equivalent),EN.ATM.METH.AG.KT.CE,Australia,AUS,103350,102440,100150,98310,100000,97510,91390,91070,93830,108450,117540,126110,118970,80490,101080,81010,99170,94300,77470,80690,68250,118990,118460,80150,89670,85130,68000,89150,88050,70790,..,..
Agricultural methane emissions (thousand metric tons of CO2 equivalent),EN.ATM.METH.AG.KT.CE,Austria,AUT,6570,6560,6430,6190,6090,5750,5740,5650,5510,5490,5390,5350,5280,5130,5040,5020,4950,4920,4960,4910,4980,4960,4870,4830,4830,4840,4830,4830,4710,4640,..,..
Agricultural methane emissions (thousand metric tons of CO2 equivalent),EN.ATM.METH.AG.KT.CE,Azerbaijan,AZE,3180,3120,2650,2530,2380,2400,2470,2610,2720,2830,2920,3080,3170,3310,3410,3500,3650,3720,3810,3880,3960,3950,3980,4020,4040,4060,4020,3990,3930,3900,..,..
Agricultural methane emissions (thousand metric tons of CO2 equivalent),EN.ATM.METH.AG.KT.CE,"Bahamas, The",BHS,10,10,10,10,10,10,10,10,10,10,10,10,10,10,20,10,10,10,20,10,10,20,10,20,10,10,10,10,10,10,..,..
Agricultural methane emissions (thousand metric tons of CO2 equivalent),EN.ATM.METH.AG.KT.CE,Bahrain,BHR,20,20,20,20,20,20,20,20,20,20,20,20,20,20,20,20,20,20,20,20,20,20,20,20,20,20,20,20,30,30,..,..
Agricultural methane emissions (thousand metric tons of CO2 equivalent),EN.ATM.METH.AG.KT.CE,Bangladesh,BGD,50340,50100,50380,50140,50640,51220,50720,51130,50520,52240,52650,52490,53240,53520,52650,53740,54350,54720,56890,57490,58330,58730,58820,58940,59210,59260,58370,60510,60490,60740,..,..
Agricultural methane emissions (thousand metric tons of CO2 equivalent),EN.ATM.METH.AG.KT.CE,Barbados,BRB,60,60,60,50,50,50,50,50,50,40,40,40,30,30,30,30,20,20,20,20,30,20,20,30,30,20,30,30,30,30,..,..
Agricultural methane emissions (thousand metric tons of CO2 equivalent),EN.ATM.METH.AG.KT.CE,Belarus,BLR,16130,15820,13970,13360,12660,11880,11190,10820,10670,10420,9750,9510,9220,9020,8800,8820,8830,8780,8750,8950,8990,9060,9260,9390,9380,9380,9250,9340,9270,9180,..,..
Agricultural methane emissions (thousand metric tons of CO2 equivalent),EN.ATM.METH.AG.KT.CE,Belgium,BEL,7780,7840,7710,7660,7630,7750,7710,7550,7460,7800,7500,7410,7120,6810,6690,6590,6510,6440,6410,6420,6380,6330,6230,6130,6220,6290,6250,6030,6090,6040,..,..
Agricultural methane emissions (thousand metric tons of CO2 equivalent),EN.ATM.METH.AG.KT.CE,Belize,BLZ,100,100,120,100,100,80,80,80,90,100,90,100,100,110,100,100,110,130,140,150,150,170,160,190,150,160,180,180,190,200,..,..
Agricultural methane emissions (thousand metric tons of CO2 equivalent),EN.ATM.METH.AG.KT.CE,Benin,BEN,1750,1830,1860,1860,2010,1830,2190,2290,2440,2330,2630,2200,2440,2350,2300,2650,2500,2570,2460,2530,2560,2660,2710,2870,2800,2850,2970,2980,3060,3110,..,..
Agricultural methane emissions (thousand metric tons of CO2 equivalent),EN.ATM.METH.AG.KT.CE,Bermuda,BMU,..,..,..,..,..,..,..,..,..,..,..,..,..,..,..,..,..,..,..,..,..,..,..,..,..,..,..,..,..,..,..,..
Agricultural methane emissions (thousand metric tons of CO2 equivalent),EN.ATM.METH.AG.KT.CE,Bhutan,BTN,520,530,500,500,490,540,520,520,510,540,510,460,460,460,460,530,510,520,450,480,480,470,460,470,440,420,420,420,400,400,..,..
Agricultural methane emissions (thousand metric tons of CO2 equivalent),EN.ATM.METH.AG.KT.CE,Bolivia,BOL,11180,11340,11590,11810,12080,12340,12320,12650,13130,13730,13980,13540,14570,14480,15480,16140,15970,16100,16260,16650,18330,17790,18020,18220,17730,18220,18810,18780,18850,19880,..,..
Agricultural methane emissions (thousand metric tons of CO2 equivalent),EN.ATM.METH.AG.KT.CE,Bosnia and Herzegovina,BIH,1930,1860,1840,1760,1650,1360,1140,1390,1450,1510,1570,1520,1440,1550,1620,1650,1800,1700,1650,1650,1640,1590,1550,1550,1530,1560,1540,1520,1480,1450,..,..
Agricultural methane emissions (thousand metric tons of CO2 equivalent),EN.ATM.METH.AG.KT.CE,Botswana,BWA,5320,4970,4760,4560,4800,5290,5900,5640,5190,5160,4990,5940,5930,2560,2830,3370,4330,3380,7540,3290,8710,10800,4840,4270,2780,2530,2100,3480,2420,1640,..,..
Agricultural methane emissions (thousand metric tons of CO2 equivalent),EN.ATM.METH.AG.KT.CE,Brazil,BRA,242130,250260,254460,254580,259450,264090,251710,256380,262050,263870,268590,280000,295300,307820,323270,328430,322110,321150,318410,321000,335810,333930,334260,330240,333330,337890,339750,335960,330340,334930,..,..
Agricultural methane emissions (thousand metric tons of CO2 equivalent),EN.ATM.METH.AG.KT.CE,British Virgin Islands,VGB,..,..,..,..,..,..,..,..,..,..,..,..,..,..,..,..,..,..,..,..,..,..,..,..,..,..,..,..,..,..,..,..
Agricultural methane emissions (thousand metric tons of CO2 equivalent),EN.ATM.METH.AG.KT.CE,Brunei Darussalam,BRN,10,10,10,10,10,10,10,20,20,20,20,20,20,20,20,20,20,20,20,20,20,20,20,20,20,20,20,20,20,20,..,..
Agricultural methane emissions (thousand metric tons of CO2 equivalent),EN.ATM.METH.AG.KT.CE,Bulgaria,BGR,5900,5600,4860,3780,3040,2810,2840,2600,2620,2760,2730,2540,2230,2360,2400,2310,2180,2230,2130,2010,1890,1900,1900,1790,1900,1860,1840,1840,1760,1690,..,..
Agricultural methane emissions (thousand metric tons of CO2 equivalent),EN.ATM.METH.AG.KT.CE,Burkina Faso,BFA,6210,6410,6570,6700,6870,7090,7100,7390,7440,7590,8140,7800,8100,10090,10380,10660,10540,10770,11110,11490,12030,12240,12260,12600,12860,13010,13670,13840,13960,14320,..,..
Agricultural methane emissions (thousand metric tons of CO2 equivalent),EN.ATM.METH.AG.KT.CE,Burundi,BDI,600,610,610,590,540,550,540,560,500,500,510,530,510,530,560,590,640,680,740,810,910,990,990,1190,1150,1140,1310,1590,1590,1330,..,..
Agricultural methane emissions (thousand metric tons of CO2 equivalent),EN.ATM.METH.AG.KT.CE,Cabo Verde,CPV,40,40,50,50,50,50,50,50,50,50,50,50,50,50,60,60,60,60,60,60,60,60,60,60,60,60,60,50,50,50,..,..
Agricultural methane emissions (thousand metric tons of CO2 equivalent),EN.ATM.METH.AG.KT.CE,Cambodia,KHM,11990,11580,11880,12560,11320,13150,13150,13280,13200,14030,13170,13150,13350,14500,14190,15360,16240,16530,16710,17120,17290,18050,17500,17340,16840,16720,17170,17610,17500,17220,..,..
Agricultural methane emissions (thousand metric tons of CO2 equivalent),EN.ATM.METH.AG.KT.CE,Cameroon,CMR,6050,6020,6040,6040,6050,6020,6110,6310,6830,7070,7870,7400,7300,7990,7240,8010,7470,7370,6790,6510,6790,6670,6890,7150,7080,7250,7270,7040,7130,7070,..,..
Agricultural methane emissions (thousand metric tons of CO2 equivalent),EN.ATM.METH.AG.KT.CE,Canada,CAN,23860,23770,24490,24320,24420,25680,26610,26510,27450,26530,26240,26920,27740,27290,28820,29120,28830,27650,26670,25400,25290,24460,24610,25190,24810,24110,23830,24210,24140,24060,..,..
Agricultural methane emissions (thousand metric tons of CO2 equivalent),EN.ATM.METH.AG.KT.CE,Cayman Islands,CYM,..,..,..,..,..,..,..,..,..,..,..,..,..,..,..,..,..,..,..,..,..,..,..,..,..,..,..,..,..,..,..,..
Agricultural methane emissions (thousand metric tons of CO2 equivalent),EN.ATM.METH.AG.KT.CE,Central African Republic,CAF,8360,8550,8560,8570,8640,8710,9680,9780,10730,9620,11050,9220,8160,10630,9390,9910,9990,10220,10760,8600,9630,10330,8940,9560,9340,9490,10390,9670,9940,8900,..,..
Agricultural methane emissions (thousand metric tons of CO2 equivalent),EN.ATM.METH.AG.KT.CE,Chad,TCD,7970,12210,12740,13290,13880,14550,16110,16600,17150,18310,19860,18470,19860,21060,22080,23420,24290,25710,26780,27690,29400,31090,32810,34410,36070,39050,41750,43480,46190,48230,..,..
Agricultural methane emissions (thousand metric tons of CO2 equivalent),EN.ATM.METH.AG.KT.CE,Channel Islands,CHI,..,..,..,..,..,..,..,..,..,..,..,..,..,..,..,..,..,..,..,..,..,..,..,..,..,..,..,..,..,..,..,..
Agricultural methane emissions (thousand metric tons of CO2 equivalent),EN.ATM.METH.AG.KT.CE,Chile,CHL,6370,6440,6600,6820,7060,7180,7270,7500,7600,7520,7300,7210,7110,7070,7130,7100,7000,6580,6860,6700,6870,6760,6770,5550,5330,5020,5170,5160,5400,5470,..,..
Agricultural methane emissions (thousand metric tons of CO2 equivalent),EN.ATM.METH.AG.KT.CE,China,CHN,336950,341210,341330,338760,346380,366270,386770,349740,366920,373880,372890,362550,353360,344470,353350,356420,354810,345700,350410,348440,346060,341010,338530,337580,337910,341380,342250,335870,329750,319730,..,..
Agricultural methane emissions (thousand metric tons of CO2 equivalent),EN.ATM.METH.AG.KT.CE,Colombia,COL,41850,41440,42030,42690,43380,43390,43910,43250,43550,41790,42190,42960,42970,43820,44350,44490,44230,45380,45530,45290,46280,43100,40340,39700,39380,39200,39810,41220,44050,45630,..,..
Agricultural methane emissions (thousand metric tons of CO2 equivalent),EN.ATM.METH.AG.KT.CE,Comoros,COM,150,150,160,160,160,160,160,170,170,170,150,160,170,160,160,170,180,160,180,190,200,210,220,220,230,230,240,250,250,260,..,..
Agricultural methane emissions (thousand metric tons of CO2 equivalent),EN.ATM.METH.AG.KT.CE,"Congo, Dem. Rep.",COD,12380,12260,12340,12260,12210,12120,9580,9390,9770,8900,8710,9490,11860,12950,13800,13570,13750,12100,12800,12670,13110,12340,12420,13110,12840,13300,13320,13920,13240,13450,..,..
Agricultural methane emissions (thousand metric tons of CO2 equivalent),EN.ATM.METH.AG.KT.CE,"Congo, Rep.",COG,980,980,980,990,990,990,410,440,460,470,380,450,690,1100,1180,1400,1450,1330,1340,1260,1470,1500,1420,1490,1280,1460,1490,1460,1510,1480,..,..
Agricultural methane emissions (thousand metric tons of CO2 equivalent),EN.ATM.METH.AG.KT.CE,Costa Rica,CRI,3390,3360,3310,3300,2980,2630,2550,2490,2500,2370,2280,2190,2090,2000,1910,2000,1940,2110,2240,2270,2280,2370,2280,2330,2320,2330,2470,2500,2540,2560,..,..
Agricultural methane emissions (thousand metric tons of CO2 equivalent),EN.ATM.METH.AG.KT.CE,Cote d'Ivoire,CIV,2700,2780,2840,2750,2870,2930,2660,2710,2710,2680,2770,3040,3350,3300,2640,3430,3290,3320,3120,3030,2970,3120,3250,3500,3080,3180,3700,3230,3120,2950,..,..
Agricultural methane emissions (thousand metric tons of CO2 equivalent),EN.ATM.METH.AG.KT.CE,Croatia,HRV,2340,2270,2080,1990,1900,1780,1680,1660,1620,1660,1590,1610,1600,1610,1710,1680,1720,1670,1560,1560,1490,1500,1510,1430,1450,1410,1410,1420,1320,1320,..,..
Agricultural methane emissions (thousand metric tons of CO2 equivalent),EN.ATM.METH.AG.KT.CE,Cuba,CUB,9100,8980,9100,8390,8950,8580,9060,8920,8830,8410,8280,8060,8110,8230,7790,7170,7400,7410,7620,8180,7990,8280,8240,8250,8160,7650,7820,7410,7480,7230,..,..
Agricultural methane emissions (thousand metric tons of CO2 equivalent),EN.ATM.METH.AG.KT.CE,Curacao,CUW,..,..,..,..,..,..,..,..,..,..,..,..,..,..,..,..,..,..,..,..,..,..,..,..,..,..,..,..,..,..,..,..
Agricultural methane emissions (thousand metric tons of CO2 equivalent),EN.ATM.METH.AG.KT.CE,Cyprus,CYP,150,150,150,160,160,170,170,170,170,170,180,190,210,200,190,180,180,180,180,180,180,180,180,170,170,160,170,180,180,180,..,..
Agricultural methane emissions (thousand metric tons of CO2 equivalent),EN.ATM.METH.AG.KT.CE,Czechia,CZE,7740,7400,6600,5760,5000,4720,4600,4340,4030,3930,3720,3690,3510,3400,3280,3200,3140,3160,3130,3010,2950,2920,2910,2920,2950,3000,3020,3010,2920,2920,..,..
Agricultural methane emissions (thousand metric tons of CO2 equivalent),EN.ATM.METH.AG.KT.CE,Denmark,DNK,6850,6900,6890,7000,6840,6850,6820,6770,6820,6530,6550,6730,6580,6480,6370,6270,6150,6260,6090,5990,6220,6160,6140,6090,6020,6040,6060,6010,6040,6010,..,..
Agricultural methane emissions (thousand metric tons of CO2 equivalent),EN.ATM.METH.AG.KT.CE,Djibouti,DJI,360,360,360,370,380,410,430,430,440,460,460,460,460,460,470,470,460,460,460,460,460,460,470,470,470,470,470,470,470,470,..,..
Agricultural methane emissions (thousand metric tons of CO2 equivalent),EN.ATM.METH.AG.KT.CE,Dominica,DMA,20,20,20,20,20,20,20,20,20,20,20,20,20,20,20,20,20,20,20,20,20,30,30,30,30,30,30,30,30,30,..,..
Agricultural methane emissions (thousand metric tons of CO2 equivalent),EN.ATM.METH.AG.KT.CE,Dominican Republic,DOM,4230,4480,4240,4450,4380,4450,4650,4730,4820,4380,4200,4490,4660,4540,5000,4770,4820,5460,5610,5850,5950,5990,5970,6000,6020,6000,6050,6150,6290,6420,..,..
Agricultural methane emissions (thousand metric tons of CO2 equivalent),EN.ATM.METH.AG.KT.CE,Ecuador,ECU,8660,8590,9400,9850,10220,10360,10640,11130,10240,10440,9120,9810,10110,9980,10490,10060,10070,9770,9770,10460,10580,10400,10360,10380,9280,8610,8570,8570,8050,8280,..,..
Agricultural methane emissions (thousand metric tons of CO2 equivalent),EN.ATM.METH.AG.KT.CE,"Egypt, Arab Rep.",EGY,11270,11980,12490,12760,13000,13140,13400,14100,13210,14640,15100,14760,15940,16040,16360,16350,16940,17630,17820,15810,14880,16110,16730,16090,15990,15380,15570,14770,13180,16800,..,..
Agricultural methane emissions (thousand metric tons of CO2 equivalent),EN.ATM.METH.AG.KT.CE,El Salvador,SLV,1950,2000,2020,1930,2020,1800,2050,1880,1710,1840,1710,1960,2090,2000,2010,2010,2100,2190,2230,2130,1980,1670,1820,1470,1690,1650,1520,1460,1410,1380,..,..
Agricultural methane emissions (thousand metric tons of CO2 equivalent),EN.ATM.METH.AG.KT.CE,Equatorial Guinea,GNQ,10,10,10,10,10,10,10,10,10,10,10,10,10,10,10,10,10,10,10,10,10,10,10,10,10,10,10,10,10,10,..,..
Agricultural methane emissions (thousand metric tons of CO2 equivalent),EN.ATM.METH.AG.KT.CE,Eritrea,ERI,2180,2190,2250,1850,1880,1910,2170,2490,2620,2690,2790,2590,2560,2650,2690,2730,2620,2820,2830,2830,2740,2870,2890,2920,2930,2940,2980,2970,2990,3000,..,..
Agricultural methane emissions (thousand metric tons of CO2 equivalent),EN.ATM.METH.AG.KT.CE,Estonia,EST,1760,1720,1800,1590,1270,1170,1040,940,900,860,750,720,740,700,710,700,690,680,670,650,650,650,660,670,690,700,630,640,640,640,..,..
Agricultural methane emissions (thousand metric tons of CO2 equivalent),EN.ATM.METH.AG.KT.CE,Eswatini,SWZ,710,730,750,630,640,660,660,650,640,610,600,530,560,610,610,620,570,610,600,590,630,630,630,630,630,610,600,610,610,640,..,..
Agricultural methane emissions (thousand metric tons of CO2 equivalent),EN.ATM.METH.AG.KT.CE,Ethiopia,ETH,34430,34610,35480,31430,31700,31730,33190,34400,37620,37160,34960,36800,42100,40740,41380,43300,46110,51550,53840,56320,59030,57740,59880,61760,63790,65180,67010,68460,68480,69130,..,..
Agricultural methane emissions (thousand metric tons of CO2 equivalent),EN.ATM.METH.AG.KT.CE,Faroe Islands,FRO,..,..,..,..,..,..,..,..,..,..,..,..,..,..,..,..,..,..,..,..,..,..,..,..,..,..,..,..,..,..,..,..
Agricultural methane emissions (thousand metric tons of CO2 equivalent),EN.ATM.METH.AG.KT.CE,Fiji,FJI,600,610,620,670,700,730,720,720,710,690,690,700,670,660,660,660,660,670,660,660,650,650,650,650,250,250,260,280,290,330,..,..
Agricultural methane emissions (thousand metric tons of CO2 equivalent),EN.ATM.METH.AG.KT.CE,Finland,FIN,3390,3220,3130,3090,3050,2910,2890,2900,2830,2740,2670,2620,2600,2560,2480,2450,2440,2380,2360,2340,2350,2320,2310,2310,2310,2310,2300,2240,2150,2110,..,..
Agricultural methane emissions (thousand metric tons of CO2 equivalent),EN.ATM.METH.AG.KT.CE,France,FRA,50390,48970,47870,47340,47360,47310,47140,46460,46100,45990,48120,48020,46780,45350,44770,44430,44310,44840,45030,44430,43900,42900,42640,42780,42940,43010,42820,42110,41610,40720,..,..
Agricultural methane emissions (thousand metric tons of CO2 equivalent),EN.ATM.METH.AG.KT.CE,French Polynesia,PYF,..,..,..,..,..,..,..,..,..,..,..,..,..,..,..,..,..,..,..,..,..,..,..,..,..,..,..,..,..,..,..,..
Agricultural methane emissions (thousand metric tons of CO2 equivalent),EN.ATM.METH.AG.KT.CE,Gabon,GAB,170,170,170,180,180,180,130,140,140,140,130,120,140,160,200,170,200,200,230,170,190,230,220,230,190,200,210,220,180,230,..,..
Agricultural methane emissions (thousand metric tons of CO2 equivalent),EN.ATM.METH.AG.KT.CE,"Gambia, The",GMB,490,500,490,470,510,520,540,500,520,510,530,480,460,520,570,600,620,610,720,990,1070,750,850,900,930,1050,920,920,750,910,..,..
Agricultural methane emissions (thousand metric tons of CO2 equivalent),EN.ATM.METH.AG.KT.CE,Georgia,GEO,1510,1480,1280,1160,1130,1150,1170,1190,1210,1280,1350,1360,1410,1450,1410,1420,1330,1240,1210,1180,1210,1230,1350,1380,1420,1190,1200,1160,1100,1070,..,..
Agricultural methane emissions (thousand metric tons of CO2 equivalent),EN.ATM.METH.AG.KT.CE,Germany,DEU,52060,48570,43370,41880,41310,41150,40770,40600,39390,38850,37960,37670,37050,36020,35030,34830,34060,34070,34700,34620,34200,33950,33980,34270,34570,34260,33800,33600,32600,31900,..,..
Agricultural methane emissions (thousand metric tons of CO2 equivalent),EN.ATM.METH.AG.KT.CE,Ghana,GHA,3520,3680,3610,3620,3650,3690,3920,4000,4550,3970,4570,4010,3960,4270,3870,4750,4480,4260,4340,4220,4430,4920,4600,4970,4920,5160,5250,5390,5340,5410,..,..
Agricultural methane emissions (thousand metric tons of CO2 equivalent),EN.ATM.METH.AG.KT.CE,Gibraltar,GIB,..,..,..,..,..,..,..,..,..,..,..,..,..,..,..,..,..,..,..,..,..,..,..,..,..,..,..,..,..,..,..,..
Agricultural methane emissions (thousand metric tons of CO2 equivalent),EN.ATM.METH.AG.KT.CE,Greece,GRC,4700,4590,4530,4580,4610,4650,4700,4710,4690,4650,4680,4610,4620,4580,4700,4600,4590,4690,4630,4630,4700,4640,4630,4400,4300,4210,4200,4220,3900,3850,..,..
Agricultural methane emissions (thousand metric tons of CO2 equivalent),EN.ATM.METH.AG.KT.CE,Greenland,GRL,..,..,..,..,..,..,..,..,..,..,..,..,..,..,..,..,..,..,..,..,..,..,..,..,..,..,..,..,..,..,..,..
Agricultural methane emissions (thousand metric tons of CO2 equivalent),EN.ATM.METH.AG.KT.CE,Grenada,GRD,10,10,10,10,10,10,10,10,10,10,10,10,10,10,10,10,10,10,10,10,10,10,10,10,10,10,10,10,10,10,..,..
Agricultural methane emissions (thousand metric tons of CO2 equivalent),EN.ATM.METH.AG.KT.CE,Guam,GUM,..,..,..,..,..,..,..,..,..,..,..,..,..,..,..,..,..,..,..,..,..,..,..,..,..,..,..,..,..,..,..,..
Agricultural methane emissions (thousand metric tons of CO2 equivalent),EN.ATM.METH.AG.KT.CE,Guatemala,GTM,3360,3440,3670,3900,3770,3770,3750,3810,3810,3990,4010,4170,4320,4120,4180,4450,4450,4810,5000,5300,5480,5440,5540,5620,5820,5970,6120,6220,6310,6460,..,..
Agricultural methane emissions (thousand metric tons of CO2 equivalent),EN.ATM.METH.AG.KT.CE,Guinea,GIN,3980,4140,4310,4500,4720,4940,4670,4830,5300,5200,5540,5870,6440,6530,6580,7300,7460,7670,7940,8260,10020,10670,11400,11640,11900,12030,13240,13360,13440,14250,..,..
Agricultural methane emissions (thousand metric tons of CO2 equivalent),EN.ATM.METH.AG.KT.CE,Guinea-Bissau,GNB,700,700,720,730,740,760,730,710,710,770,780,910,930,930,880,870,950,960,930,990,1040,1020,1120,1110,1060,1130,1130,1140,1190,1200,..,..
Agricultural methane emissions (thousand metric tons of CO2 equivalent),EN.ATM.METH.AG.KT.CE,Guyana,GUY,630,830,890,1010,990,1190,1180,1220,1120,1220,1000,1050,940,1110,1000,940,900,930,1020,1060,1110,1170,1200,1340,1480,1540,1230,1380,1340,1610,..,..
Agricultural methane emissions (thousand metric tons of CO2 equivalent),EN.ATM.METH.AG.KT.CE,Haiti,HTI,2150,2300,2650,2510,2490,2500,2520,2660,2670,2700,2920,2930,2950,2970,2950,2960,2950,2970,2960,2980,2990,3010,3010,3020,3020,3050,3140,3150,3140,3150,..,..
Agricultural methane emissions (thousand metric tons of CO2 equivalent),EN.ATM.METH.AG.KT.CE,Honduras,HND,3850,3820,3760,3340,3640,3380,3370,3270,3110,2760,2860,2980,3340,3990,3900,4110,3970,4010,4090,4290,4300,4350,4340,4420,4460,4420,4510,4510,4610,4630,..,..
Agricultural methane emissions (thousand metric tons of CO2 equivalent),EN.ATM.METH.AG.KT.CE,"Hong Kong SAR, China",HKG,..,..,..,..,..,..,..,..,..,..,..,..,..,..,..,..,..,..,..,..,..,..,..,..,..,..,..,..,..,..,..,..
Agricultural methane emissions (thousand metric tons of CO2 equivalent),EN.ATM.METH.AG.KT.CE,Hungary,HUN,5000,4880,4300,3730,3290,2960,3070,3020,2910,2990,2950,2820,2780,2800,2760,2640,2590,2540,2500,2450,2400,2360,2290,2410,2440,2470,2500,2490,2530,2540,..,..
Agricultural methane emissions (thousand metric tons of CO2 equivalent),EN.ATM.METH.AG.KT.CE,Iceland,ISL,330,330,320,320,320,310,320,320,320,320,310,300,290,290,280,290,300,300,300,310,310,310,300,290,310,320,310,310,310,300,..,..
Agricultural methane emissions (thousand metric tons of CO2 equivalent),EN.ATM.METH.AG.KT.CE,India,IND,433940,437560,440170,443690,446370,448120,451530,452400,456390,457740,456450,458380,449350,454750,459040,470030,476480,485860,490360,481090,484130,487580,484400,487510,487660,489140,491430,495720,499610,500220,..,..
Agricultural methane emissions (thousand metric tons of CO2 equivalent),EN.ATM.METH.AG.KT.CE,Indonesia,IDN,78110,77380,82720,81360,80940,84930,85980,83970,85890,85860,84300,82830,84080,82620,85320,84400,85140,85250,86010,87560,88620,88930,90660,86480,89040,89760,89270,91740,91020,88960,..,..
Agricultural methane emissions (thousand metric tons of CO2 equivalent),EN.ATM.METH.AG.KT.CE,"Iran, Islamic Rep.",IRN,21390,20870,22460,22630,22860,23220,23860,23890,24540,24060,23280,23040,22590,22740,23020,23370,23490,23550,20990,21340,21600,20800,21010,20880,16000,16970,17510,16050,16290,16690,..,..
Agricultural methane emissions (thousand metric tons of CO2 equivalent),EN.ATM.METH.AG.KT.CE,Iraq,IRQ,3940,2840,3290,3890,3990,3780,3050,3400,3570,3470,3410,3350,3440,2710,2980,3430,3550,3720,3800,4460,4520,4760,4890,4610,4620,3390,3540,3700,3410,4950,..,..
Agricultural methane emissions (thousand metric tons of CO2 equivalent),EN.ATM.METH.AG.KT.CE,Ireland,IRL,13360,13590,13650,13750,13780,13830,13950,14250,14630,14750,15240,15230,15080,14990,14990,14700,14640,14410,14320,14240,13770,13700,14230,14460,14640,14830,15450,15730,14350,14420,..,..
Agricultural methane emissions (thousand metric tons of CO2 equivalent),EN.ATM.METH.AG.KT.CE,Isle of Man,IMN,..,..,..,..,..,..,..,..,..,..,..,..,..,..,..,..,..,..,..,..,..,..,..,..,..,..,..,..,..,..,..,..
Agricultural methane emissions (thousand metric tons of CO2 equivalent),EN.ATM.METH.AG.KT.CE,Israel,ISR,420,410,420,430,460,460,460,450,460,460,470,460,440,450,440,450,490,490,510,490,520,530,530,550,570,590,580,590,610,620,..,..
Agricultural methane emissions (thousand metric tons of CO2 equivalent),EN.ATM.METH.AG.KT.CE,Italy,ITA,27730,25960,25510,24570,24390,23700,23850,23630,23470,23540,23660,21060,22350,21680,21830,21220,21200,21170,21480,21520,21640,20940,21110,20580,20390,20490,20820,20830,21010,21010,..,..
Agricultural methane emissions (thousand metric tons of CO2 equivalent),EN.ATM.METH.AG.KT.CE,Jamaica,JAM,650,690,750,750,720,740,700,670,670,670,670,670,660,710,640,610,390,360,350,340,340,340,350,350,340,330,310,300,290,280,..,..
Agricultural methane emissions (thousand metric tons of CO2 equivalent),EN.ATM.METH.AG.KT.CE,Japan,JPN,19000,18980,19380,19590,19890,19240,18350,18110,17260,17110,16900,16460,16390,16220,16330,16220,16110,16030,15800,15790,15800,15380,15280,15230,15010,14770,14600,14520,14500,14440,..,..
Agricultural methane emissions (thousand metric tons of CO2 equivalent),EN.ATM.METH.AG.KT.CE,Jordan,JOR,350,430,540,570,480,490,460,420,370,390,340,340,350,360,360,410,410,470,570,490,480,490,490,510,560,560,650,610,600,590,..,..
Agricultural methane emissions (thousand metric tons of CO2 equivalent),EN.ATM.METH.AG.KT.CE,Kazakhstan,KAZ,25890,25380,22270,22260,21960,18790,15920,13400,11200,9880,9860,10390,14730,12160,13490,14120,14940,13930,14600,13970,15880,13980,13830,12870,14250,15160,14440,17780,15970,17590,..,..
Agricultural methane emissions (thousand metric tons of CO2 equivalent),EN.ATM.METH.AG.KT.CE,Kenya,KEN,16540,15790,15670,15550,15580,15470,14460,14420,14700,15730,14330,14270,14960,16030,17170,16610,16130,26740,27110,25860,25960,26620,26360,25780,26140,26520,28940,26740,27810,32490,..,..
Agricultural methane emissions (thousand metric tons of CO2 equivalent),EN.ATM.METH.AG.KT.CE,Kiribati,KIR,0,0,0,0,0,0,0,0,0,0,0,0,0,0,0,0,0,10,10,10,10,10,10,10,10,10,10,10,10,10,..,..
Agricultural methane emissions (thousand metric tons of CO2 equivalent),EN.ATM.METH.AG.KT.CE,"Korea, Dem. People's Rep.",PRK,4580,4390,4340,4280,4260,4100,3750,3780,3780,3880,3730,3930,4000,4020,4000,4040,4040,4030,3970,3990,3990,4020,4020,3900,3790,3540,3570,3600,3580,3560,..,..
Agricultural methane emissions (thousand metric tons of CO2 equivalent),EN.ATM.METH.AG.KT.CE,"Korea, Rep.",KOR,9740,9730,9830,10110,10100,10150,10410,10320,9950,9490,9130,9010,8870,8740,8840,8890,9000,9190,9320,9540,9720,9390,9650,9400,9140,9240,9210,9220,9230,9340,..,..
Agricultural methane emissions (thousand metric tons of CO2 equivalent),EN.ATM.METH.AG.KT.CE,Kosovo,XKX,..,..,..,..,..,..,..,..,..,..,..,..,..,..,..,..,..,..,..,..,..,..,..,..,..,..,..,..,..,..,..,..
Agricultural methane emissions (thousand metric tons of CO2 equivalent),EN.ATM.METH.AG.KT.CE,Kuwait,KWT,80,20,20,50,60,80,100,110,110,120,140,90,120,130,120,110,120,130,140,150,140,140,140,140,160,160,170,180,190,190,..,..
Agricultural methane emissions (thousand metric tons of CO2 equivalent),EN.ATM.METH.AG.KT.CE,Kyrgyz Republic,KGZ,3450,3390,3230,3040,2790,2300,2140,2050,2120,2170,2220,2240,2280,2310,2290,2360,2440,2530,2630,2860,2940,3030,3100,3210,3320,3370,3460,3540,3640,3740,..,..
Agricultural methane emissions (thousand metric tons of CO2 equivalent),EN.ATM.METH.AG.KT.CE,Lao PDR,LAO,4540,4420,4610,4630,4910,4900,4900,5090,4770,4720,4960,5140,5230,5350,5570,5450,5480,5690,5820,6050,6420,6190,6750,6730,6880,7060,7330,7290,7080,7040,..,..
Agricultural methane emissions (thousand metric tons of CO2 equivalent),EN.ATM.METH.AG.KT.CE,Latvia,LVA,2930,2870,3490,2940,1870,1600,1540,1450,1360,1250,1090,1070,1110,1120,1060,1050,1070,1050,1080,1030,1020,1030,1030,1040,1070,1090,1080,1050,1000,990,..,..
Agricultural methane emissions (thousand metric tons of CO2 equivalent),EN.ATM.METH.AG.KT.CE,Lebanon,LBN,170,190,190,190,190,180,200,200,200,200,200,190,200,200,200,210,210,200,210,200,180,240,240,250,250,240,240,250,240,250,..,..
Agricultural methane emissions (thousand metric tons of CO2 equivalent),EN.ATM.METH.AG.KT.CE,Lesotho,LSO,850,860,960,930,890,850,820,790,730,1050,1000,990,880,910,870,960,910,940,900,910,890,910,910,840,820,810,790,870,850,820,..,..
Agricultural methane emissions (thousand metric tons of CO2 equivalent),EN.ATM.METH.AG.KT.CE,Liberia,LBR,170,150,150,130,130,130,120,140,150,150,140,140,140,150,140,140,160,170,180,310,220,220,220,210,250,310,260,240,240,270,..,..
Agricultural methane emissions (thousand metric tons of CO2 equivalent),EN.ATM.METH.AG.KT.CE,Libya,LBY,1250,1220,1170,1130,1100,1130,1180,1100,1180,1070,930,980,1010,1100,1190,1270,1390,1460,1460,1520,1580,1580,1580,1600,1590,1580,1630,1650,1670,1690,..,..
Agricultural methane emissions (thousand metric tons of CO2 equivalent),EN.ATM.METH.AG.KT.CE,Liechtenstein,LIE,..,..,..,..,..,..,..,..,..,..,..,..,..,..,..,..,..,..,..,..,..,..,..,..,..,..,..,..,..,..,..,..
Agricultural methane emissions (thousand metric tons of CO2 equivalent),EN.ATM.METH.AG.KT.CE,Lithuania,LTU,5080,4980,5440,4350,3700,3270,3100,3090,2970,2740,2540,2240,2270,2330,2380,2340,2340,2380,2230,2160,2110,2100,2050,1980,1930,1970,1920,1840,1710,1640,..,..
Agricultural methane emissions (thousand metric tons of CO2 equivalent),EN.ATM.METH.AG.KT.CE,Luxembourg,LUX,460,460,450,450,450,460,450,440,440,460,430,430,420,400,400,400,390,400,410,410,420,410,400,410,420,430,440,440,430,430,..,..
Agricultural methane emissions (thousand metric tons of CO2 equivalent),EN.ATM.METH.AG.KT.CE,"Macao SAR, China",MAC,..,..,..,..,..,..,..,..,..,..,..,..,..,..,..,..,..,..,..,..,..,..,..,..,..,..,..,..,..,..,..,..
Agricultural methane emissions (thousand metric tons of CO2 equivalent),EN.ATM.METH.AG.KT.CE,Madagascar,MDG,15680,15590,15770,16030,15660,15730,15720,15670,16090,15890,15630,14710,13700,14660,14070,16020,15520,16240,15690,16080,16080,15460,15890,14470,14530,14160,14530,13610,13870,13790,..,..
Agricultural methane emissions (thousand metric tons of CO2 equivalent),EN.ATM.METH.AG.KT.CE,Malawi,MWI,1120,1110,1110,1120,1030,1050,1090,1050,1160,1130,1200,1180,1220,1300,1260,1330,1360,1480,1650,1700,1910,2010,2160,2260,2390,2570,2740,2830,3200,3380,..,..
Agricultural methane emissions (thousand metric tons of CO2 equivalent),EN.ATM.METH.AG.KT.CE,Malaysia,MYS,4820,4620,4650,4790,5030,4890,4880,4940,4850,4740,4790,4730,4710,4730,4830,4790,4640,4860,4800,4880,4880,4810,4780,4770,4530,4780,4730,4700,4720,4670,..,..
Agricultural methane emissions (thousand metric tons of CO2 equivalent),EN.ATM.METH.AG.KT.CE,Maldives,MDV,..,..,..,..,..,..,..,0,0,0,0,0,0,0,0,0,0,0,0,0,0,0,0,0,0,0,0,0,0,0,..,..
Agricultural methane emissions (thousand metric tons of CO2 equivalent),EN.ATM.METH.AG.KT.CE,Mali,MLI,8710,8670,8680,8790,8960,9190,9670,9780,10320,11010,11370,11260,11480,12000,13120,13640,13570,14160,14920,14920,16090,16370,16740,17290,17470,18060,19830,20260,20990,21720,..,..
Agricultural methane emissions (thousand metric tons of CO2 equivalent),EN.ATM.METH.AG.KT.CE,Malta,MLT,90,90,100,100,100,90,90,90,80,90,90,80,80,80,80,80,80,80,80,70,70,60,60,60,60,60,60,60,50,50,..,..
Agricultural methane emissions (thousand metric tons of CO2 equivalent),EN.ATM.METH.AG.KT.CE,Marshall Islands,MHL,..,..,..,..,..,..,..,..,..,..,..,..,..,..,..,..,..,..,..,..,..,..,..,..,..,..,..,..,..,..,..,..
Agricultural methane emissions (thousand metric tons of CO2 equivalent),EN.ATM.METH.AG.KT.CE,Mauritania,MRT,3710,3830,3730,3850,3750,3760,4050,4320,4560,4890,5150,5210,5260,5370,5300,5380,5520,5420,4950,5270,5530,5590,5760,5900,6120,6210,6430,6460,6480,6650,..,..
Agricultural methane emissions (thousand metric tons of CO2 equivalent),EN.ATM.METH.AG.KT.CE,Mauritius,MUS,50,40,40,40,40,40,40,40,40,40,40,30,30,30,20,20,20,20,20,20,20,20,20,20,20,20,20,20,20,20,..,..
Agricultural methane emissions (thousand metric tons of CO2 equivalent),EN.ATM.METH.AG.KT.CE,Mexico,MEX,55430,55010,54070,55220,55070,54380,52840,53410,54070,52650,53150,53210,54480,54830,54240,54260,54320,54830,55350,56130,56470,57460,55610,56360,56900,57830,58420,59360,60000,60710,..,..
Agricultural methane emissions (thousand metric tons of CO2 equivalent),EN.ATM.METH.AG.KT.CE,"Micronesia, Fed. Sts.",FSM,..,0,0,0,0,40,40,40,40,40,40,40,40,40,40,40,40,40,40,40,40,40,40,40,40,50,50,50,50,50,..,..
Agricultural methane emissions (thousand metric tons of CO2 equivalent),EN.ATM.METH.AG.KT.CE,Moldova,MDA,2730,2680,2240,1940,2260,2160,2090,1790,1530,1460,1350,1240,1310,1340,1240,1140,1100,1070,870,830,860,870,810,770,780,750,730,740,710,640,..,..
Agricultural methane emissions (thousand metric tons of CO2 equivalent),EN.ATM.METH.AG.KT.CE,Monaco,MCO,..,..,..,..,..,..,..,..,..,..,..,..,..,..,..,..,..,..,..,..,..,..,..,..,..,..,..,..,..,..,..,..
Agricultural methane emissions (thousand metric tons of CO2 equivalent),EN.ATM.METH.AG.KT.CE,Mongolia,MNG,8240,8570,8400,8300,8170,8830,9380,9920,10210,10640,10790,9150,7320,7340,6990,7740,8640,9830,9910,10070,7910,9070,10180,10890,12530,13970,15000,15970,15910,17130,..,..
Agricultural methane emissions (thousand metric tons of CO2 equivalent),EN.ATM.METH.AG.KT.CE,Montenegro,MNE,700,680,570,560,550,570,570,570,560,520,450,430,420,410,410,370,390,380,360,350,330,300,310,300,310,320,310,310,290,280,..,..
Agricultural methane emissions (thousand metric tons of CO2 equivalent),EN.ATM.METH.AG.KT.CE,Morocco,MAR,6450,6230,6030,5200,5420,5370,5610,5910,5800,6020,6260,6210,6130,6230,6340,6320,6440,6350,6420,6420,6600,6940,6950,7100,7240,7250,7320,7370,7510,7640,..,..
Agricultural methane emissions (thousand metric tons of CO2 equivalent),EN.ATM.METH.AG.KT.CE,Mozambique,MOZ,7570,7620,7680,7750,7790,7810,7670,6960,7930,7480,6820,7790,8650,8560,8200,9190,8560,9170,9570,8310,9170,8610,9170,9520,9620,8930,8490,8480,10370,9840,..,..
Agricultural methane emissions (thousand metric tons of CO2 equivalent),EN.ATM.METH.AG.KT.CE,Myanmar,MMR,35050,34460,36600,38460,39620,41130,40550,39330,39930,43360,44100,44950,45350,46460,48260,50780,54010,55330,56110,56910,57810,55870,55800,56510,57430,58810,59830,61910,64240,65080,..,..
Agricultural methane emissions (thousand metric tons of CO2 equivalent),EN.ATM.METH.AG.KT.CE,Namibia,NAM,4230,4350,4260,4110,4080,4050,3900,3810,4120,4150,4580,4360,3820,4070,4220,4600,5070,4710,3890,5220,4870,7130,7840,4370,3980,3850,4200,4150,3720,3260,..,..
Agricultural methane emissions (thousand metric tons of CO2 equivalent),EN.ATM.METH.AG.KT.CE,Nauru,NRU,0,0,0,0,0,0,0,0,0,0,0,0,0,0,0,0,0,0,0,0,0,0,0,0,0,0,0,0,0,0,..,..
Agricultural methane emissions (thousand metric tons of CO2 equivalent),EN.ATM.METH.AG.KT.CE,Nepal,NPL,14380,14300,13930,14460,14660,15410,15630,15770,15920,16110,16240,16280,16470,16710,16960,17160,17400,17440,18010,18420,18540,18890,19280,19220,19350,19160,19190,19730,19770,20010,..,..
Agricultural methane emissions (thousand metric tons of CO2 equivalent),EN.ATM.METH.AG.KT.CE,Netherlands,NLD,14490,14620,14420,14150,13920,13870,13580,13150,12790,12800,12380,12320,11730,11480,11430,11510,11360,11550,11990,12110,12170,12010,11940,12240,12560,13070,13150,12440,11510,11640,..,..
Agricultural methane emissions (thousand metric tons of CO2 equivalent),EN.ATM.METH.AG.KT.CE,New Caledonia,NCL,..,..,..,..,..,..,..,..,..,..,..,..,..,..,..,..,..,..,..,..,..,..,..,..,..,..,..,..,..,..,..,..
Agricultural methane emissions (thousand metric tons of CO2 equivalent),EN.ATM.METH.AG.KT.CE,New Zealand,NZL,27980,27400,27000,26870,27820,28480,27880,28010,27350,27600,26960,27190,27910,28280,28250,28220,28460,28240,27650,28020,28000,28120,28640,28530,28840,28010,28080,27850,27700,27490,..,..
Agricultural methane emissions (thousand metric tons of CO2 equivalent),EN.ATM.METH.AG.KT.CE,Nicaragua,NIC,4910,3910,4340,4880,4920,4220,4060,4430,4290,5100,5280,5300,5400,5710,5480,5760,5820,5820,5850,5910,6050,6630,6880,7250,7600,7900,7850,7560,7910,8100,..,..
Agricultural methane emissions (thousand metric tons of CO2 equivalent),EN.ATM.METH.AG.KT.CE,Niger,NER,6350,6600,6830,7150,7430,7710,8040,8370,8680,9030,9460,9860,10240,10680,11140,11570,11990,12550,13100,13710,13350,13910,14540,15310,16040,16690,17530,18340,19250,20150,..,..
Agricultural methane emissions (thousand metric tons of CO2 equivalent),EN.ATM.METH.AG.KT.CE,Nigeria,NGA,22650,24060,24320,24860,25820,26610,27370,28870,30240,30890,31390,31320,31630,32430,33240,34850,35280,34910,34730,33430,35890,39030,41120,41820,42730,43260,49430,51390,52460,51550,..,..
Agricultural methane emissions (thousand metric tons of CO2 equivalent),EN.ATM.METH.AG.KT.CE,North Macedonia,MKD,1520,1470,1240,1240,1220,1220,1220,1150,1080,980,1000,950,940,930,960,910,930,930,920,870,900,930,870,860,870,900,910,910,890,780,..,..
Agricultural methane emissions (thousand metric tons of CO2 equivalent),EN.ATM.METH.AG.KT.CE,Northern Mariana Islands,MNP,..,..,..,..,..,..,..,..,..,..,..,..,..,..,..,..,..,..,..,..,..,..,..,..,..,..,..,..,..,..,..,..
Agricultural methane emissions (thousand metric tons of CO2 equivalent),EN.ATM.METH.AG.KT.CE,Norway,NOR,2750,2800,2830,2800,2830,2860,2910,2900,2910,2870,2780,2770,2730,2730,2710,2670,2630,2580,2540,2520,2510,2490,2470,2460,2430,2470,2520,2520,2510,2540,..,..
Agricultural methane emissions (thousand metric tons of CO2 equivalent),EN.ATM.METH.AG.KT.CE,Oman,OMN,370,390,420,440,470,480,500,520,540,580,580,600,610,630,640,680,690,710,720,730,760,780,790,990,1000,1020,1040,1060,1080,1100,..,..
Agricultural methane emissions (thousand metric tons of CO2 equivalent),EN.ATM.METH.AG.KT.CE,Pakistan,PAK,60520,61520,62160,64050,64980,66300,69480,71150,72990,75040,75980,76710,78850,81560,83560,85880,92280,94630,98930,101420,100400,106160,108300,112970,116590,119390,122890,127220,130650,135270,..,..
Agricultural methane emissions (thousand metric tons of CO2 equivalent),EN.ATM.METH.AG.KT.CE,Palau,PLW,..,..,..,..,..,..,..,..,..,..,..,..,..,..,..,..,..,..,..,..,..,..,..,..,..,..,..,..,..,..,..,..
Agricultural methane emissions (thousand metric tons of CO2 equivalent),EN.ATM.METH.AG.KT.CE,Panama,PAN,2170,2190,2230,2250,2280,2280,2250,2130,2160,2140,2120,2390,2400,2380,2350,2430,2440,2380,2500,2540,2550,2670,2670,2660,2520,2410,2410,2360,2410,2330,..,..
Agricultural methane emissions (thousand metric tons of CO2 equivalent),EN.ATM.METH.AG.KT.CE,Papua New Guinea,PNG,610,610,640,680,710,750,710,810,740,750,740,810,920,930,1020,890,960,890,900,930,960,950,970,960,1020,1080,980,1000,1100,1030,..,..
Agricultural methane emissions (thousand metric tons of CO2 equivalent),EN.ATM.METH.AG.KT.CE,Paraguay,PRY,13060,12080,12450,13510,14240,15240,14790,14850,14940,15030,14580,15550,14810,16160,14910,15600,15720,16830,16270,17750,18740,19150,20270,20700,21970,21610,21300,21870,20730,21490,..,..
Agricultural methane emissions (thousand metric tons of CO2 equivalent),EN.ATM.METH.AG.KT.CE,Peru,PER,12580,12310,12210,12240,12860,13410,13630,13730,14120,15110,15180,15270,15690,15890,15730,16680,16560,16850,17190,17560,17660,17640,17760,17690,17610,17690,17890,17970,18160,18130,..,..
Agricultural methane emissions (thousand metric tons of CO2 equivalent),EN.ATM.METH.AG.KT.CE,Philippines,PHL,36250,37060,35120,36090,39280,40620,42580,42160,36750,43800,44270,44650,44760,44670,45870,45340,46000,47110,48550,49280,47650,48600,49610,50000,49880,49250,48540,50680,50630,49370,..,..
Agricultural methane emissions (thousand metric tons of CO2 equivalent),EN.ATM.METH.AG.KT.CE,Poland,POL,25750,23470,21840,20090,19840,19090,18350,18670,17880,17000,16010,15360,15110,15070,14550,14840,15120,15150,14950,14560,14680,14380,14170,14140,14180,14250,13980,14410,14530,14630,..,..
Agricultural methane emissions (thousand metric tons of CO2 equivalent),EN.ATM.METH.AG.KT.CE,Portugal,PRT,5260,5190,5060,4850,5020,4980,5080,5070,5040,5050,4980,4650,4600,4600,4600,4660,4580,4590,4600,4580,4450,4560,4540,4470,4590,4750,4780,4940,4740,4780,..,..
Agricultural methane emissions (thousand metric tons of CO2 equivalent),EN.ATM.METH.AG.KT.CE,Puerto Rico,PRI,..,..,..,..,..,..,..,..,..,..,..,..,..,..,..,..,..,..,..,..,..,..,..,..,..,..,..,..,..,..,..,..
Agricultural methane emissions (thousand metric tons of CO2 equivalent),EN.ATM.METH.AG.KT.CE,Qatar,QAT,70,80,90,110,120,120,120,130,130,130,130,90,90,90,100,60,80,90,90,120,130,150,160,190,150,250,300,330,380,380,..,..
Agricultural methane emissions (thousand metric tons of CO2 equivalent),EN.ATM.METH.AG.KT.CE,Romania,ROU,18270,16400,14480,12460,12660,11670,11610,11350,10850,10580,10230,9750,9490,9740,9850,9850,10040,10200,10100,9820,9420,8150,8110,8150,8230,8340,8400,8300,8100,8030,..,..
Agricultural methane emissions (thousand metric tons of CO2 equivalent),EN.ATM.METH.AG.KT.CE,Russian Federation,RUS,149570,146650,133740,128090,119640,106330,96840,84980,78630,70670,69830,68790,68610,69920,62260,58700,56320,56170,58050,55790,55750,54340,55080,53820,54350,52830,51960,50660,51140,50920,..,..
Agricultural methane emissions (thousand metric tons of CO2 equivalent),EN.ATM.METH.AG.KT.CE,Rwanda,RWA,740,770,740,700,660,540,600,650,730,830,820,900,940,1090,1180,1240,1380,1460,1570,1600,1720,1590,1570,1580,1570,1820,1690,1690,1750,1770,..,..
Agricultural methane emissions (thousand metric tons of CO2 equivalent),EN.ATM.METH.AG.KT.CE,Samoa,WSM,110,110,110,110,110,110,110,110,110,110,110,120,120,130,130,130,130,120,120,120,130,140,140,140,150,160,160,160,160,170,..,..
Agricultural methane emissions (thousand metric tons of CO2 equivalent),EN.ATM.METH.AG.KT.CE,San Marino,SMR,..,..,..,..,..,..,..,..,..,..,..,..,..,..,..,..,..,..,..,..,..,..,..,..,..,..,..,..,..,..,..,..
Agricultural methane emissions (thousand metric tons of CO2 equivalent),EN.ATM.METH.AG.KT.CE,Sao Tome and Principe,STP,0,0,0,0,0,0,0,0,0,0,10,10,10,10,10,0,0,0,0,0,0,0,0,0,0,0,0,0,0,0,..,..
Agricultural methane emissions (thousand metric tons of CO2 equivalent),EN.ATM.METH.AG.KT.CE,Saudi Arabia,SAU,2020,2090,2180,2250,2330,2360,2390,2400,2330,2190,2280,2330,2350,2370,2550,2610,2500,2530,2270,2050,2320,2550,2610,2810,2700,2740,2770,2800,2890,3000,..,..
Agricultural methane emissions (thousand metric tons of CO2 equivalent),EN.ATM.METH.AG.KT.CE,Senegal,SEN,4750,4870,4960,5080,5180,5220,5480,5410,5270,5670,6070,5750,5350,5040,5570,5770,5960,5650,5950,5920,6190,6300,6040,6290,6160,6230,6730,6920,6820,7100,..,..
Agricultural methane emissions (thousand metric tons of CO2 equivalent),EN.ATM.METH.AG.KT.CE,Serbia,SRB,7530,7280,6090,6050,5850,6160,6150,6070,5970,5550,4830,4570,4470,4400,4360,3920,4050,4070,3930,3750,3620,3540,3470,3400,3480,3440,3310,3310,3240,3280,..,..
Agricultural methane emissions (thousand metric tons of CO2 equivalent),EN.ATM.METH.AG.KT.CE,Seychelles,SYC,0,0,0,0,0,0,0,0,0,0,0,0,0,0,0,0,0,0,0,0,0,0,0,0,0,0,0,0,0,0,..,..
Agricultural methane emissions (thousand metric tons of CO2 equivalent),EN.ATM.METH.AG.KT.CE,Sierra Leone,SLE,1600,1570,1560,1630,1570,1470,1080,1090,1030,880,830,1170,1400,1790,2060,2180,2860,2310,1980,2150,2050,2290,2850,2690,2910,2790,2920,2810,2660,2330,..,..
Agricultural methane emissions (thousand metric tons of CO2 equivalent),EN.ATM.METH.AG.KT.CE,Singapore,SGP,60,0,0,0,0,0,0,0,0,0,0,0,0,0,0,0,0,0,0,0,0,0,0,0,0,0,0,0,0,0,..,..
Agricultural methane emissions (thousand metric tons of CO2 equivalent),EN.ATM.METH.AG.KT.CE,Sint Maarten (Dutch part),SXM,..,..,..,..,..,..,..,..,..,..,..,..,..,..,..,..,..,..,..,..,..,..,..,..,..,..,..,..,..,..,..,..
Agricultural methane emissions (thousand metric tons of CO2 equivalent),EN.ATM.METH.AG.KT.CE,Slovak Republic,SVK,3850,3680,3280,2850,2460,2290,2320,2230,2020,1790,1690,1640,1610,1570,1520,1380,1350,1300,1280,1220,1190,1180,1160,1170,1160,1150,1130,1100,1080,1060,..,..
Agricultural methane emissions (thousand metric tons of CO2 equivalent),EN.ATM.METH.AG.KT.CE,Slovenia,SVN,1630,1570,1310,1330,1290,1290,1320,1260,1230,1130,1150,1200,1170,1180,1120,1110,1090,1090,1130,1090,1090,1070,1050,1040,1030,1040,1070,1070,1040,1040,..,..
Agricultural methane emissions (thousand metric tons of CO2 equivalent),EN.ATM.METH.AG.KT.CE,Solomon Islands,SLB,40,50,50,50,50,50,50,50,50,50,50,50,50,50,50,50,50,50,50,50,50,50,50,60,60,60,60,60,60,60,..,..
Agricultural methane emissions (thousand metric tons of CO2 equivalent),EN.ATM.METH.AG.KT.CE,Somalia,SOM,15890,13970,12660,13900,15080,15500,15840,16140,16170,16330,16480,16790,16990,17090,17250,17490,16610,15870,15840,15810,15870,15960,16120,16140,16220,16240,16120,15960,15890,15620,..,..
Agricultural methane emissions (thousand metric tons of CO2 equivalent),EN.ATM.METH.AG.KT.CE,South Africa,ZAF,17710,17890,17670,17090,16670,16690,17310,17610,18060,17910,17780,17410,17660,16960,16610,17380,16640,17130,17240,17220,17280,17100,17360,17000,16950,16520,15920,15960,15660,15200,..,..
Agricultural methane emissions (thousand metric tons of CO2 equivalent),EN.ATM.METH.AG.KT.CE,South Sudan,SSD,13930,14390,15770,16970,17990,18420,19130,19840,20950,21630,22840,21460,22490,23140,23580,24380,23590,24590,24500,24850,23980,23840,25760,25240,25570,25840,26470,25420,26860,23620,..,..
Agricultural methane emissions (thousand metric tons of CO2 equivalent),EN.ATM.METH.AG.KT.CE,Spain,ESP,22250,22190,22030,21480,21570,21820,22320,23590,23930,24270,24740,25160,25400,25580,25730,25280,24750,25280,23700,24090,23610,22950,22490,22330,23020,23890,24050,24360,24310,24440,..,..
Agricultural methane emissions (thousand metric tons of CO2 equivalent),EN.ATM.METH.AG.KT.CE,Sri Lanka,LKA,5360,4830,4950,5060,5270,5220,4520,4490,3690,3990,3810,3620,3730,4000,3560,4120,4100,3880,4500,4250,4650,4730,4760,4980,4010,4970,4500,3620,4450,4180,..,..
Agricultural methane emissions (thousand metric tons of CO2 equivalent),EN.ATM.METH.AG.KT.CE,St. Kitts and Nevis,KNA,10,10,10,10,10,10,10,10,10,10,10,10,10,10,10,10,10,10,10,10,10,10,10,10,0,10,0,0,0,0,..,..
Agricultural methane emissions (thousand metric tons of CO2 equivalent),EN.ATM.METH.AG.KT.CE,St. Lucia,LCA,20,20,20,20,20,20,20,20,20,20,20,20,20,20,20,20,20,20,20,20,20,20,20,20,20,20,20,20,20,20,..,..
Agricultural methane emissions (thousand metric tons of CO2 equivalent),EN.ATM.METH.AG.KT.CE,St. Martin (French part),MAF,..,..,..,..,..,..,..,..,..,..,..,..,..,..,..,..,..,..,..,..,..,..,..,..,..,..,..,..,..,..,..,..
Agricultural methane emissions (thousand metric tons of CO2 equivalent),EN.ATM.METH.AG.KT.CE,St. Vincent and the Grenadines,VCT,10,10,10,10,10,10,10,10,10,10,10,10,10,10,10,10,10,10,10,10,10,10,10,10,10,10,10,10,10,10,..,..
Agricultural methane emissions (thousand metric tons of CO2 equivalent),EN.ATM.METH.AG.KT.CE,Sudan,SDN,25130,25970,28450,30620,32450,33240,34520,35790,37790,39020,41210,38720,40580,41750,42540,43990,42560,44350,44200,44830,43270,43010,46150,46290,46240,46790,47020,47190,47450,47540,..,..
Agricultural methane emissions (thousand metric tons of CO2 equivalent),EN.ATM.METH.AG.KT.CE,Suriname,SUR,520,580,640,570,590,600,590,530,520,520,460,500,380,450,440,390,400,370,390,490,470,500,480,490,520,500,510,490,460,500,..,..
Agricultural methane emissions (thousand metric tons of CO2 equivalent),EN.ATM.METH.AG.KT.CE,Sweden,SWE,4380,4270,4390,4450,4460,4330,4330,4310,4190,4110,4000,3930,3890,3830,3850,3800,3740,3650,3640,3580,3570,3540,3500,3480,3480,3380,3380,3380,3250,3190,..,..
Agricultural methane emissions (thousand metric tons of CO2 equivalent),EN.ATM.METH.AG.KT.CE,Switzerland,CHE,4870,4820,4720,4630,4640,4570,4540,4380,4340,4240,4190,4230,4190,4110,4040,4080,4100,4090,4160,4090,4090,4060,4030,4000,3990,3950,3930,3900,3880,3820,..,..
Agricultural methane emissions (thousand metric tons of CO2 equivalent),EN.ATM.METH.AG.KT.CE,Syrian Arab Republic,SYR,2900,2960,2890,2260,2430,2610,2770,2910,3210,3060,3000,2690,2860,3170,3580,3930,4220,4470,3950,3800,3450,3930,3930,3910,3870,3690,3520,3010,2960,3210,..,..
Agricultural methane emissions (thousand metric tons of CO2 equivalent),EN.ATM.METH.AG.KT.CE,Tajikistan,TJK,3040,2980,2600,2400,2390,2290,2190,2140,2070,2100,2090,2110,2180,2270,2400,2600,2750,2870,3320,3560,3620,3740,3950,4080,4150,4320,4460,4540,4560,4630,..,..
Agricultural methane emissions (thousand metric tons of CO2 equivalent),EN.ATM.METH.AG.KT.CE,Tanzania,TZA,19060,19140,19050,19350,19420,21510,20200,19940,22110,22670,21350,21910,24110,26370,25610,27000,25610,26610,28190,28260,30080,31460,31980,33540,34420,36120,35810,34930,35250,36200,..,..
Agricultural methane emissions (thousand metric tons of CO2 equivalent),EN.ATM.METH.AG.KT.CE,Thailand,THA,50880,52860,53700,53470,53530,52260,51470,52820,49690,50480,49710,50510,49020,51570,51430,52800,52950,55770,55790,57520,60400,59610,59180,57330,52580,48500,52230,52430,52020,48200,..,..
Agricultural methane emissions (thousand metric tons of CO2 equivalent),EN.ATM.METH.AG.KT.CE,Timor-Leste,TLS,310,370,370,390,440,450,470,460,480,400,460,620,620,630,520,620,650,640,670,650,630,640,690,630,650,700,700,650,640,680,..,..
Agricultural methane emissions (thousand metric tons of CO2 equivalent),EN.ATM.METH.AG.KT.CE,Togo,TGO,1030,940,850,830,820,740,790,950,1120,980,1050,940,1070,1110,990,1420,1210,1070,1170,1230,1180,1410,1340,1470,1390,1580,1440,1480,1460,1520,..,..
Agricultural methane emissions (thousand metric tons of CO2 equivalent),EN.ATM.METH.AG.KT.CE,Tonga,TON,60,60,60,60,60,50,50,50,50,50,60,60,60,60,60,60,60,60,60,60,60,60,60,60,60,60,60,60,60,60,..,..
Agricultural methane emissions (thousand metric tons of CO2 equivalent),EN.ATM.METH.AG.KT.CE,Trinidad and Tobago,TTO,110,110,100,100,100,90,100,100,90,90,90,90,100,90,90,90,90,90,90,90,90,90,90,100,100,100,90,90,90,100,..,..
Agricultural methane emissions (thousand metric tons of CO2 equivalent),EN.ATM.METH.AG.KT.CE,Tunisia,TUN,1970,2090,2050,2180,2060,2040,2220,2130,2200,2250,2340,2340,2330,2240,2260,2330,2390,2420,2320,2360,2320,2290,2200,2200,2220,2190,2130,2130,2160,2130,..,..
Agricultural methane emissions (thousand metric tons of CO2 equivalent),EN.ATM.METH.AG.KT.CE,Turkiye,TUR,21080,19870,20270,20060,19640,19260,18870,18610,17670,17300,17160,16480,15790,15180,14750,15060,15580,15840,15840,15420,15070,16050,17640,19340,20100,20360,20200,20360,22480,23730,..,..
Agricultural methane emissions (thousand metric tons of CO2 equivalent),EN.ATM.METH.AG.KT.CE,Turkmenistan,TKM,3610,3540,2290,2750,2920,3040,3130,2650,2840,3250,3780,3960,4530,5180,5480,5680,5910,5530,6110,5800,5870,5770,6320,6390,6450,6460,6560,6590,6630,6900,..,..
Agricultural methane emissions (thousand metric tons of CO2 equivalent),EN.ATM.METH.AG.KT.CE,Turks and Caicos Islands,TCA,..,..,..,..,..,..,..,..,..,..,..,..,..,..,..,..,..,..,..,..,..,..,..,..,..,..,..,..,..,..,..,..
Agricultural methane emissions (thousand metric tons of CO2 equivalent),EN.ATM.METH.AG.KT.CE,Tuvalu,TUV,0,0,0,0,0,0,0,0,0,10,10,10,10,10,10,10,10,10,10,10,10,10,10,10,10,10,10,10,10,10,..,..
Agricultural methane emissions (thousand metric tons of CO2 equivalent),EN.ATM.METH.AG.KT.CE,Uganda,UGA,6070,6300,6410,6590,6390,6530,6710,7080,7570,7290,7370,7510,7810,8660,8620,9400,8560,9650,13440,13410,14160,14080,14850,14850,15220,15830,16710,17180,17460,17640,..,..
Agricultural methane emissions (thousand metric tons of CO2 equivalent),EN.ATM.METH.AG.KT.CE,Ukraine,UKR,60060,58880,52460,49750,48100,44300,40140,35420,30080,27810,25700,23020,23130,22950,19970,18190,17290,16560,15210,13990,13670,13180,13040,13360,12730,11570,11080,10900,10510,10110,..,..
Agricultural methane emissions (thousand metric tons of CO2 equivalent),EN.ATM.METH.AG.KT.CE,United Arab Emirates,ARE,310,330,350,380,410,430,470,500,530,570,600,640,670,710,710,810,850,900,950,1110,960,970,980,1080,1170,1210,1220,1250,1260,1280,..,..
Agricultural methane emissions (thousand metric tons of CO2 equivalent),EN.ATM.METH.AG.KT.CE,United Kingdom,GBR,35280,34820,34880,34740,34870,34350,34360,33790,33860,33570,32380,30100,29420,29520,29490,29410,28980,28320,27730,27120,27160,26930,26960,27070,27350,27500,27830,27990,27610,27320,..,..
Agricultural methane emissions (thousand metric tons of CO2 equivalent),EN.ATM.METH.AG.KT.CE,United States,USA,196960,198230,200940,201320,205970,206730,206130,205310,203430,202500,199810,199060,198520,197550,197620,199250,199680,200350,201980,199350,199920,196190,194030,190920,191450,191760,198210,198840,202390,202140,..,..
Agricultural methane emissions (thousand metric tons of CO2 equivalent),EN.ATM.METH.AG.KT.CE,Uruguay,URY,16700,17490,18420,19060,19200,19080,19350,19080,18620,18760,18340,18350,19090,19590,20150,20290,21020,20520,20990,20570,19500,19730,19150,19260,19560,19530,19630,19290,18860,18660,..,..
Agricultural methane emissions (thousand metric tons of CO2 equivalent),EN.ATM.METH.AG.KT.CE,Uzbekistan,UZB,13520,13250,10280,10570,10750,10800,10430,10180,10110,10250,9730,9800,10030,10480,11000,11530,12200,12790,13400,14410,15410,16160,17330,17840,18640,19360,21550,22090,22550,22920,..,..
Agricultural methane emissions (thousand metric tons of CO2 equivalent),EN.ATM.METH.AG.KT.CE,Vanuatu,VUT,240,250,260,280,280,280,280,280,280,280,270,250,250,260,270,270,280,330,330,310,320,330,330,330,340,340,340,340,340,350,..,..
Agricultural methane emissions (thousand metric tons of CO2 equivalent),EN.ATM.METH.AG.KT.CE,"Venezuela, RB",VEN,21850,22550,22730,22320,23080,23280,23010,23320,23790,24000,24500,25300,25430,26200,26660,27540,27550,28020,28350,28430,23960,24030,28090,28280,28250,27780,27090,26610,26560,26820,..,..
Agricultural methane emissions (thousand metric tons of CO2 equivalent),EN.ATM.METH.AG.KT.CE,Vietnam,VNM,37030,38220,39370,40180,40660,41730,43050,43660,45010,46610,46890,45990,46480,47080,47970,48540,49560,49530,49660,49680,49540,49510,49520,49980,49830,50330,50240,50100,49690,48160,..,..
Agricultural methane emissions (thousand metric tons of CO2 equivalent),EN.ATM.METH.AG.KT.CE,Virgin Islands (U.S.),VIR,..,..,..,..,..,..,..,..,..,..,..,..,..,..,..,..,..,..,..,..,..,..,..,..,..,..,..,..,..,..,..,..
Agricultural methane emissions (thousand metric tons of CO2 equivalent),EN.ATM.METH.AG.KT.CE,West Bank and Gaza,PSE,..,..,..,..,..,..,..,..,..,..,..,..,..,..,..,..,..,..,..,..,..,..,..,..,..,..,..,..,..,..,..,..
Agricultural methane emissions (thousand metric tons of CO2 equivalent),EN.ATM.METH.AG.KT.CE,"Yemen, Rep.",YEM,2780,2650,2700,2760,2730,2780,2880,3000,3140,3210,3310,3470,3510,3890,3940,3980,4070,4230,4360,4460,4510,4630,4680,4750,4830,4770,4630,4610,4360,4240,..,..
Agricultural methane emissions (thousand metric tons of CO2 equivalent),EN.ATM.METH.AG.KT.CE,Zambia,ZMB,9720,9810,9830,9680,9500,9350,8550,8730,9640,9010,8540,8740,9630,10590,10510,11040,9930,10120,10130,9530,10520,9850,11320,11470,11210,11310,10990,10240,10330,10570,..,..
Agricultural methane emissions (thousand metric tons of CO2 equivalent),EN.ATM.METH.AG.KT.CE,Zimbabwe,ZWE,7140,6200,6770,5210,5370,5500,6690,6560,6980,7220,6930,7130,6370,6190,6410,6370,6050,6280,6410,6810,7280,7560,7250,7000,5900,6650,6150,6250,6420,6540,..,..
Agricultural methane emissions (thousand metric tons of CO2 equivalent),EN.ATM.METH.AG.KT.CE,Africa Eastern and Southern,AFE,232240,230410,234340,232190,235630,239710,239130,241940,256260,256520,254030,254630,269240,275420,277990,289090,283130,304150,315550,313850,325890,328810,333750,332110,332210,337620,341850,340800,342710,345800,..,..
Agricultural methane emissions (thousand metric tons of CO2 equivalent),EN.ATM.METH.AG.KT.CE,Africa Western and Central,AFW,91900,98710,100030,102080,104830,107100,110910,114690,120410,122220,129770,125680,128460,137560,138940,148190,149860,151300,153570,152750,162170,170390,175150,181480,184650,191060,206630,210690,216230,219410,..,..
Agricultural methane emissions (thousand metric tons of CO2 equivalent),EN.ATM.METH.AG.KT.CE,Arab World,ARB,83550,81980,84160,87540,90900,92360,94680,98000,100210,103540,106850,104240,107740,109520,112090,115070,114400,116880,115950,115790,114000,116830,121460,121830,122590,121430,122000,120950,119280,124910,..,..
Agricultural methane emissions (thousand metric tons of CO2 equivalent),EN.ATM.METH.AG.KT.CE,Caribbean small states,CSS,2180,2480,2670,2690,2660,2860,2810,2760,2650,2750,2460,2560,2320,2610,2420,2270,2020,2010,2130,2260,2290,2410,2410,2620,2720,2760,2450,2570,2490,2810,..,..
Agricultural methane emissions (thousand metric tons of CO2 equivalent),EN.ATM.METH.AG.KT.CE,Central Europe and the Baltics,CEB,80250,74840,69480,60870,56320,52650,51470,50610,48390,46690,44450,42640,41620,41880,41340,41100,41330,41450,40760,39560,38890,37240,36840,36740,37030,37280,36980,37170,36630,36500,..,..
Agricultural methane emissions (thousand metric tons of CO2 equivalent),EN.ATM.METH.AG.KT.CE,Early-demographic dividend,EAR,1120620,1119430,1130210,1133200,1144520,1158460,1167390,1169500,1173700,1193910,1190680,1196660,1204360,1220160,1235360,1262120,1289230,1315110,1334800,1331120,1335250,1352350,1362390,1370000,1374750,1383800,1394380,1418520,1425270,1436620,..,..
Agricultural methane emissions (thousand metric tons of CO2 equivalent),EN.ATM.METH.AG.KT.CE,East Asia & Pacific,EAS,770550,775390,781200,780010,794270,820660,836930,798740,811870,847050,852580,849030,832560,789330,825060,812750,837110,830230,820850,828400,815220,860450,861530,817730,826510,823990,812700,835280,828360,793950,..,..
Agricultural methane emissions (thousand metric tons of CO2 equivalent),EN.ATM.METH.AG.KT.CE,East Asia & Pacific (excluding high income),EAP,610410,616830,624830,625120,636450,665270,688890,651210,663460,684380,682030,670240,660400,655580,670540,678390,684350,682450,690590,694340,693430,688550,689480,684400,683830,686820,692790,694520,688860,671870,..,..
Agricultural methane emissions (thousand metric tons of CO2 equivalent),EN.ATM.METH.AG.KT.CE,East Asia & Pacific (IDA & IBRD countries),TEA,605830,612440,620490,620840,632190,661170,685140,647430,659680,680500,678300,666310,656400,651560,666540,674350,680310,678420,686620,690350,689440,684530,685460,680500,680040,683280,689220,690920,685280,668310,..,..
Agricultural methane emissions (thousand metric tons of CO2 equivalent),EN.ATM.METH.AG.KT.CE,Euro area,EMU,223930,216820,209730,203310,200030,198060,197760,197230,195010,194420,195240,191670,190220,186360,184750,182530,180580,181500,181240,180700,178880,175940,175560,175340,176900,178550,178950,177710,173110,171580,..,..
Agricultural methane emissions (thousand metric tons of CO2 equivalent),EN.ATM.METH.AG.KT.CE,Europe & Central Asia,ECS,661760,642050,597770,575470,559150,531980,512280,489590,470320,456070,449430,438080,438780,434300,422970,416600,413810,412700,413520,407610,407920,400980,404430,404920,410250,411410,411960,413780,408900,409470,..,..
Agricultural methane emissions (thousand metric tons of CO2 equivalent),EN.ATM.METH.AG.KT.CE,Europe & Central Asia (excluding high income),ECA,324360,316960,284810,274290,262570,240520,222020,200940,185660,173940,169570,165200,169050,168440,159410,155420,154800,153360,155660,151970,154310,152300,156540,157200,160580,159790,159730,162390,162840,165320,..,..
Agricultural methane emissions (thousand metric tons of CO2 equivalent),EN.ATM.METH.AG.KT.CE,Europe & Central Asia (IDA & IBRD countries),TEC,370720,359100,323210,308830,296970,273060,253660,232620,216010,203180,197400,191920,195250,194860,185520,181790,181680,180380,182270,177910,179900,176330,180330,180920,184440,183790,183520,186520,186790,189300,..,..
Agricultural methane emissions (thousand metric tons of CO2 equivalent),EN.ATM.METH.AG.KT.CE,European Union,EUU,300160,288010,275170,262570,257060,252270,251060,249950,245930,243980,243020,238100,235410,231650,229520,227120,225260,226360,225340,223680,221500,216850,216090,215750,217550,219300,219540,218570,213560,211910,..,..
Agricultural methane emissions (thousand metric tons of CO2 equivalent),EN.ATM.METH.AG.KT.CE,Fragile and conflict affected situations,FCS,267780,271900,279920,281380,290310,296510,302260,308760,323560,330560,336570,333630,349030,361410,369040,384490,388850,400830,408590,411020,418080,421170,436720,444830,450370,457560,472490,478860,489760,491660,..,..
Agricultural methane emissions (thousand metric tons of CO2 equivalent),EN.ATM.METH.AG.KT.CE,Heavily indebted poor countries (HIPC),HPC,247830,252340,256920,258280,263290,267860,270380,276580,292380,294700,298490,294230,312860,328710,330420,348570,345960,357010,369190,372310,389080,391720,404180,414210,419790,430070,442050,444030,452040,459380,..,..
Agricultural methane emissions (thousand metric tons of CO2 equivalent),EN.ATM.METH.AG.KT.CE,High income,HIC,747200,735420,725820,713820,717500,712030,704260,701130,696720,706590,708710,710090,701310,658140,678990,658720,675730,669710,652070,649160,634610,675750,672610,630650,642010,637830,627700,648450,645390,625690,..,..
Agricultural methane emissions (thousand metric tons of CO2 equivalent),EN.ATM.METH.AG.KT.CE,IBRD only,IBD,1967690,1973220,1958620,1947970,1959080,1968570,1961810,1910860,1915560,1923490,1918490,1915910,1922380,1940090,1966580,1988730,1992360,2000360,2012050,1996550,2010120,2006560,2005540,1995860,1993900,1999290,2007510,2014190,2000990,2000540,..,..
Agricultural methane emissions (thousand metric tons of CO2 equivalent),EN.ATM.METH.AG.KT.CE,IDA & IBRD total,IBT,2470910,2480180,2471780,2466510,2486490,2507350,2506670,2464880,2489910,2510760,2510450,2504490,2534120,2577040,2611000,2660950,2673680,2709880,2742640,2734470,2767510,2777770,2796550,2801990,2811860,2833870,2868580,2885800,2890090,2902900,..,..
Agricultural methane emissions (thousand metric tons of CO2 equivalent),EN.ATM.METH.AG.KT.CE,IDA blend,IDB,129020,129510,127960,129120,131500,133730,136960,140030,144350,148620,148610,149320,152150,158110,162120,166940,173250,186370,191060,192060,195560,206070,211110,216420,220410,226050,239790,244240,250680,259480,..,..
Agricultural methane emissions (thousand metric tons of CO2 equivalent),EN.ATM.METH.AG.KT.CE,IDA only,IDX,374200,377450,385200,389420,395910,405050,407900,413990,430000,438650,443350,439260,459590,478840,482300,505280,508070,523150,539530,545860,561830,565140,579900,589710,597550,608530,621280,627370,638420,642880,..,..
Agricultural methane emissions (thousand metric tons of CO2 equivalent),EN.ATM.METH.AG.KT.CE,IDA total,IDA,503220,506960,513160,518540,527410,538780,544860,554020,574350,587270,591960,588580,611740,636950,644420,672220,681320,709520,730590,737920,757390,771210,791010,806130,817960,834580,861070,871610,889100,902360,..,..
Agricultural methane emissions (thousand metric tons of CO2 equivalent),EN.ATM.METH.AG.KT.CE,Late-demographic dividend,LTE,1035300,1042720,1028410,1016480,1020480,1026120,1022010,976870,986950,986430,986670,984470,991930,999530,1017930,1026230,1019590,1012600,1018260,1016170,1030900,1016930,1012990,1004540,1005690,1011820,1018140,1012050,1000010,993210,..,..
Agricultural methane emissions (thousand metric tons of CO2 equivalent),EN.ATM.METH.AG.KT.CE,Latin America & Caribbean,LCN,551780,558120,566580,569010,578630,582460,567140,572220,575800,578570,582540,597070,619160,642540,659560,667660,663600,666970,665770,667830,673700,669690,673210,670980,675400,679080,683610,685270,681020,690060,..,..
Agricultural methane emissions (thousand metric tons of CO2 equivalent),EN.ATM.METH.AG.KT.CE,Latin America & Caribbean (excluding high income),LAC,504470,509230,516390,518360,526810,530450,515060,519990,523440,525970,530100,543640,564950,587130,603090,610130,605430,609310,606900,609430,620660,616340,616380,615050,619580,624180,629160,631700,627650,636630,..,..
Agricultural methane emissions (thousand metric tons of CO2 equivalent),EN.ATM.METH.AG.KT.CE,Latin America & the Caribbean (IDA & IBRD countries),TLA,542610,549070,557410,560560,569620,573820,558020,563240,566910,570110,574210,588960,611010,634270,651720,660450,656170,659530,658110,659620,665670,661370,664940,662680,667200,671400,675750,677820,673500,682790,..,..
Agricultural methane emissions (thousand metric tons of CO2 equivalent),EN.ATM.METH.AG.KT.CE,Least developed countries: UN classification,LDC,364140,368140,376130,381130,387320,397420,399280,404800,421800,429460,433930,430670,451130,470660,474990,495240,496770,512520,528000,533980,550540,552340,565940,574730,581790,592750,605090,612250,621190,626700,..,..
Agricultural methane emissions (thousand metric tons of CO2 equivalent),EN.ATM.METH.AG.KT.CE,Low & middle income,LMY,2390990,2402590,2396700,2394050,2413540,2435540,2435820,2393730,2419870,2441260,2442240,2436380,2465860,2507500,2540260,2588300,2600100,2636670,2668790,2662330,2700900,2712730,2728220,2734540,2744170,2766190,2801770,2819150,2823870,2836320,..,..
Agricultural methane emissions (thousand metric tons of CO2 equivalent),EN.ATM.METH.AG.KT.CE,Low income,LIC,206630,211250,216160,217300,222500,226030,230280,236290,250040,251050,254380,249840,265880,278710,282830,296430,295810,307810,318470,321330,332010,332760,346250,351830,357470,364090,374810,376630,384990,386410,..,..
Agricultural methane emissions (thousand metric tons of CO2 equivalent),EN.ATM.METH.AG.KT.CE,Lower middle income,LMC,1033300,1035740,1040000,1045000,1053790,1066610,1071810,1070750,1075120,1096570,1094320,1090480,1091730,1110920,1121650,1146580,1164800,1193860,1207220,1202410,1213490,1232620,1240080,1250310,1253840,1268350,1286630,1301810,1311030,1325910,..,..
Agricultural methane emissions (thousand metric tons of CO2 equivalent),EN.ATM.METH.AG.KT.CE,Middle East & North Africa,MEA,60570,59430,62140,62170,62880,63470,64520,66010,66600,67740,67700,66940,67850,68420,70380,71940,73590,75200,72360,71590,71320,73450,74810,74770,70410,69580,70340,67790,66160,72200,..,..
Agricultural methane emissions (thousand metric tons of CO2 equivalent),EN.ATM.METH.AG.KT.CE,Middle East & North Africa (excluding high income),MNA,57190,56000,58540,58390,58910,59430,60370,61790,62400,63580,63390,62630,63470,63940,65720,67120,68760,70250,67580,66850,66400,68250,69520,68930,64580,63530,64180,61500,59670,65550,..,..
Agricultural methane emissions (thousand metric tons of CO2 equivalent),EN.ATM.METH.AG.KT.CE,Middle East & North Africa (IDA & IBRD countries),TMN,57190,56000,58540,58390,58910,59430,60370,61790,62400,63580,63390,62630,63470,63940,65720,67120,68760,70250,67580,66850,66400,68250,69520,68930,64580,63530,64180,61500,59670,65550,..,..
Agricultural methane emissions (thousand metric tons of CO2 equivalent),EN.ATM.METH.AG.KT.CE,Middle income,MIC,2184360,2191340,2180540,2176750,2191040,2209510,2205540,2157440,2169830,2190210,2187860,2186540,2199980,2228790,2257430,2291870,2304290,2328860,2350320,2341000,2368890,2379970,2381970,2382710,2386700,2402100,2426960,2442520,2438880,2449910,..,..
Agricultural methane emissions (thousand metric tons of CO2 equivalent),EN.ATM.METH.AG.KT.CE,North America,NAC,220820,222000,225430,225640,230390,232410,232740,231820,230880,229030,226050,225980,226260,224840,226440,228370,228510,228000,228650,224750,225210,220650,218640,216110,216260,215870,222040,223050,226530,226200,..,..
Agricultural methane emissions (thousand metric tons of CO2 equivalent),EN.ATM.METH.AG.KT.CE,Not classified,INX,..,..,..,..,..,..,..,..,..,..,..,..,..,..,..,..,..,..,..,..,..,..,..,..,..,..,..,..,..,..,..,..
Agricultural methane emissions (thousand metric tons of CO2 equivalent),EN.ATM.METH.AG.KT.CE,OECD members,OED,826070,813350,804740,795610,798650,792930,783470,780510,777140,783490,786990,788590,779710,736230,755570,735540,751880,748280,731240,729170,716990,757650,751930,711220,723340,720060,710830,734470,737550,721600,..,..
Agricultural methane emissions (thousand metric tons of CO2 equivalent),EN.ATM.METH.AG.KT.CE,Other small states,OSS,17040,16860,16660,16000,15960,16430,16700,16180,15950,16190,16250,16980,16400,13380,13700,14790,16300,15030,18380,15750,20970,25030,20050,15950,14000,13940,13690,15130,13460,12470,..,..
Agricultural methane emissions (thousand metric tons of CO2 equivalent),EN.ATM.METH.AG.KT.CE,Pacific island small states,PSS,1050,1080,1100,1170,1200,1260,1250,1250,1240,1230,1230,1230,1200,1210,1220,1220,1230,1290,1280,1260,1270,1290,1290,1300,920,940,950,970,980,1040,..,..
Agricultural methane emissions (thousand metric tons of CO2 equivalent),EN.ATM.METH.AG.KT.CE,Post-demographic dividend,PST,745250,734750,718160,704760,707000,698220,686270,677920,669610,678160,679130,678170,668760,625000,642070,619180,634500,628640,609360,607320,593670,635740,632810,591500,601950,595920,584650,604580,602470,581910,..,..
Agricultural methane emissions (thousand metric tons of CO2 equivalent),EN.ATM.METH.AG.KT.CE,Pre-demographic dividend,PRE,258840,263630,268440,275720,282090,288020,287390,293860,310090,313310,318920,312420,327500,347100,350500,366990,360020,378010,386750,385270,399610,407440,420680,427380,432000,440210,459350,459020,468030,477050,..,..
Agricultural methane emissions (thousand metric tons of CO2 equivalent),EN.ATM.METH.AG.KT.CE,Small states,SST,20270,20420,20430,19860,19820,20550,20760,20190,19840,20170,19940,20770,19920,17200,17340,18280,19550,18330,21790,19270,24530,28730,23750,19870,17640,17640,17090,18670,16930,16320,..,..
Agricultural methane emissions (thousand metric tons of CO2 equivalent),EN.ATM.METH.AG.KT.CE,South Asia,SAS,570420,574450,577760,583620,588340,593060,599440,603170,608240,614650,613350,614360,610290,619430,624570,639960,653770,665850,678940,673140,678040,688090,687400,695370,698740,703190,707430,717550,725910,731740,..,..
Agricultural methane emissions (thousand metric tons of CO2 equivalent),EN.ATM.METH.AG.KT.CE,South Asia (IDA & IBRD),TSA,570420,574450,577760,583620,588340,593060,599440,603170,608240,614650,613350,614360,610290,619430,624570,639960,653770,665850,678940,673140,678040,688090,687400,695370,698740,703190,707430,717550,725910,731740,..,..
Agricultural methane emissions (thousand metric tons of CO2 equivalent),EN.ATM.METH.AG.KT.CE,Sub-Saharan Africa,SSF,324140,329120,334370,334270,340460,346810,350040,356630,376670,378740,383800,380310,397700,412980,416930,437280,432990,455450,469120,466600,488060,499200,508900,513590,516860,528680,548480,551490,558940,565210,..,..
Agricultural methane emissions (thousand metric tons of CO2 equivalent),EN.ATM.METH.AG.KT.CE,Sub-Saharan Africa (excluding high income),SSA,324140,329120,334370,334270,340460,346810,350040,356630,376670,378740,383800,380310,397700,412980,416930,437280,432990,455450,469120,466600,488060,499200,508900,513590,516860,528680,548480,551490,558940,565210,..,..
Agricultural methane emissions (thousand metric tons of CO2 equivalent),EN.ATM.METH.AG.KT.CE,Sub-Saharan Africa (IDA & IBRD countries),TSS,324140,329120,334370,334270,340460,346810,350040,356630,376670,378740,383800,380310,397700,412980,416930,437280,432990,455450,469120,466600,488060,499200,508900,513590,516860,528680,548480,551490,558940,565210,..,..
Agricultural methane emissions (thousand metric tons of CO2 equivalent),EN.ATM.METH.AG.KT.CE,Upper middle income,UMC,1151060,1155600,1140540,1131750,1137250,1142900,1133730,1086690,1094710,1093640,1093540,1096060,1108250,1117870,1135780,1145290,1139490,1135000,1143100,1138590,1155400,1147350,1141890,1132400,1132860,1133750,1140330,1140710,1127850,1124000,..,..
Agricultural methane emissions (thousand metric tons of CO2 equivalent),EN.ATM.METH.AG.KT.CE,World,WLD,3160040,3160560,3145250,3130190,3154120,3170850,3163090,3118180,3140380,3171850,3175450,3171770,3192600,3191840,3245910,3274560,3303380,3334400,3349210,3339920,3359470,3412510,3428920,3393470,3414430,3431800,3456560,3494210,3495820,3488830,..,..
,,,,,,,,,,,,,,,,,,,,,,,,,,,,,,,,,,,
,,,,,,,,,,,,,,,,,,,,,,,,,,,,,,,,,,,
,,,,,,,,,,,,,,,,,,,,,,,,,,,,,,,,,,,
Data from database: World Development Indicators,,,,,,,,,,,,,,,,,,,,,,,,,,,,,,,,,,,
Last Updated: 03/01/2023,,,,,,,,,,,,,,,,,,,,,,,,,,,,,,,,,,,
